<?xml version="1.0" encoding="UTF-8"?>
<con:soapui-project id="yurtf55c-48dd-4df6-a42e-640350ed0f76" created="3.53.0" activeEnvironment="Default environment" encryptionMode="Not encrypted" name="Activity2" projectVersion="" updated="3.54.0 2024-07-17T11:22:49Z" xmlns:con="http://eviware.com/soapui/config">
  <con:settings/>
  <con:interface xsi:type="con:RestService" id="8uyyhe506-6753-41ce-a57b-295aafc1359b" wadlVersion="http://wadl.dev.java.net/2009/02" name="https://petstore.swagger.io" type="rest" xmlns:xsi="http://www.w3.org/2001/XMLSchema-instance">
    <con:settings id="ee56rfc8881-bf49-4dd6-a346-1e8a06d340d9"/>
    <con:definitionCache type="TEXT" rootPart=""/>
    <con:endpoints>
      <con:endpoint>https://petstore.swagger.io</con:endpoint>
    </con:endpoints>
    <con:resource name="FindByStatus" path="/v2/pet/findByStatus" id="c7936159-f4c6-43ca-92ac-055f6fa9b031">
      <con:settings/>
      <con:parameters/>
      <con:method name="FindByStatus" id="27ed97e7-0687-42ef-b159-abea3790f49e" method="GET">
        <con:settings/>
        <con:parameters>
          <con:parameter required="true">
            <con:name>status</con:name>
            <con:value>sold</con:value>
            <con:style>QUERY</con:style>
            <con:default>sold</con:default>
            <con:path xsi:nil="true"/>
            <con:description xsi:nil="true"/>
          </con:parameter>
        </con:parameters>
        <con:representation type="RESPONSE">
          <con:mediaType>application/json</con:mediaType>
          <con:status>200</con:status>
          <con:params/>
          <con:element>Response</con:element>
        </con:representation>
        <con:request name="Request 1" id="a7cb15c5-c9fb-479f-b707-0f8987e766f8" mediaType="application/json">
          <con:settings>
            <con:setting id="com.eviware.soapui.impl.wsdl.WsdlRequest@request-headers">&lt;xml-fragment/></con:setting>
          </con:settings>
          <con:endpoint>https://petstore.swagger.io</con:endpoint>
          <con:request/>
          <con:originalUri>https://petstore.swagger.io/v2/pet/findByStatus</con:originalUri>
          <con:credentials>
            <con:selectedAuthProfile>No Authorization</con:selectedAuthProfile>
            <con:authType>No Authorization</con:authType>
          </con:credentials>
          <con:jmsConfig JMSDeliveryMode="PERSISTENT"/>
          <con:parameters>
            <con:entry key="status" value="sold"/>
          </con:parameters>
          <con:parameterOrder>
            <con:entry>status</con:entry>
          </con:parameterOrder>
        </con:request>
      </con:method>
    </con:resource>
  </con:interface>
  <con:testSuite id="b8cff87b-5d9f-4119-8aa0-2ed7725101a1" name="https://petstore.swagger.io Test Suite">
    <con:settings id="15f88668-c151-4ba5-bbcd-ee92abfad64d"/>
    <con:runType>SEQUENTIAL</con:runType>
    <con:testCase id="c54d6547-be9f-413d-993c-acc146498a17" discardOkResults="false" failOnError="false" failTestCaseOnErrors="true" keepSession="false" name="https://petstore.swagger.io Test Case 1" searchProperties="true" timeout="0">
      <con:settings/>
      <con:testStep type="restrequest" name="Request 1" id="095aa7a8-6d11-45fb-84ae-d834439970b8">
        <con:settings/>
        <con:config service="https://petstore.swagger.io" resourcePath="/v2/pet/findByStatus" methodName="FindByStatus" xsi:type="con:RestRequestStep" xmlns:xsi="http://www.w3.org/2001/XMLSchema-instance">
          <con:restRequest name="Request 1" id="a7cb15c5-c9fb-479f-b707-0f8987e766f8" mediaType="application/json">
            <con:settings>
              <con:setting id="com.eviware.soapui.impl.wsdl.WsdlRequest@request-headers">&lt;xml-fragment/></con:setting>
            </con:settings>
            <con:endpoint>https://petstore.swagger.io</con:endpoint>
            <con:request/>
            <con:originalUri>https://petstore.swagger.io/v2/pet/findByStatus</con:originalUri>
            <con:assertion type="Valid HTTP Status Codes" id="62736c42-3d95-4ccb-aa60-8f64955d7d3a" name="Valid HTTP Status Codes">
              <con:settings/>
              <con:configuration>
                <codes>200</codes>
              </con:configuration>
            </con:assertion>
            <con:assertion type="JsonPath Match" id="d6980016-c466-4f9d-9673-bf68c46b17b3" name="JSONPath Match">
              <con:configuration>
                <path>$[0].['id']</path>
                <content>9223372016900015712</content>
                <allowWildcards>false</allowWildcards>
                <ignoreNamspaceDifferences>false</ignoreNamspaceDifferences>
                <ignoreComments>false</ignoreComments>
              </con:configuration>
            </con:assertion>
            <con:assertion type="JsonPath Match" id="9aeb4380-c15b-4a02-bfa2-af55071b22f2" name="JSONPath Match 2">
              <con:configuration>
                <path>9223372036854751122</path>
                <content/>
                <allowWildcards>false</allowWildcards>
                <ignoreNamspaceDifferences>false</ignoreNamspaceDifferences>
                <ignoreComments>false</ignoreComments>
              </con:configuration>
            </con:assertion>
            <con:assertion type="JsonPath Match" id="48e5d4ff-5d02-449f-b271-2471b0f635af" name="JSONPath Match 3">
              <con:configuration>
                <path>$[0].['id']</path>
                <content>9223372036854751122</content>
                <allowWildcards>false</allowWildcards>
                <ignoreNamspaceDifferences>false</ignoreNamspaceDifferences>
                <ignoreComments>false</ignoreComments>
              </con:configuration>
            </con:assertion>
            <con:assertion type="JsonPath Match" id="bb9e2817-7281-46dd-93d8-3650992151fb" name="JSONPath Match 4">
              <con:configuration>
                <path>$[0].['id']</path>
                <content>9223372036854751122</content>
                <allowWildcards>false</allowWildcards>
                <ignoreNamspaceDifferences>false</ignoreNamspaceDifferences>
                <ignoreComments>false</ignoreComments>
              </con:configuration>
            </con:assertion>
            <con:credentials>
              <con:selectedAuthProfile>No Authorization</con:selectedAuthProfile>
              <con:authType>No Authorization</con:authType>
            </con:credentials>
            <con:jmsConfig JMSDeliveryMode="PERSISTENT"/>
            <con:parameters/>
            <con:parameterOrder>
              <con:entry>status</con:entry>
            </con:parameterOrder>
          </con:restRequest>
        </con:config>
      </con:testStep>
      <con:properties/>
      <con:reportParameters/>
    </con:testCase>
    <con:properties/>
    <con:reportParameters/>
  </con:testSuite>
  <con:properties/>
  <con:wssContainer/>
  <con:databaseConnectionContainer/>
  <con:jmsConnectionContainer/>
  <con:oAuth2ProfileContainer/>
  <con:oAuth1ProfileContainer/>
  <con:reporting>
    <con:xmlTemplates/>
    <con:parameters/>
  </con:reporting>
  <con:eventHandlers type="RequestFilter.filterRequest" name="RequestFilter.filterRequest">
    <con:script>// Sample event script to add custom HTTP header to all outgoing REST, SOAP and HTTP(S) calls
// This code is often used for adding custom authentication to ReadyAPI functional tests

// If hardcoding the token, uncomment and change line 5
// token = '4567'

// If your token is parameterized in Project level custom property, uncomment line 8
// token = request.parent.testCase.testSuite.project.getProperty('auth_token').getValue()

// To modify all outgoing calls, remove comments from lines 11 to 16
// headers = request.requestHeaders
// if (headers.containsKey('auth_token2') == false) {
//   headers.put('auth_token2', token)
//   request.requestHeaders = headers
// }</con:script>
  </con:eventHandlers>
  <con:eventHandlers type="TestRunListener.afterStep" name="TestRunListener.afterStep">
    <con:script>// Save all test step results into files
// Change the directory path in line 5 to a location where you want to store details
// then uncomment lines 5 to 10

// filePath = 'C:\\tempOutputDirectory\\'
// fos = new java.io.FileOutputStream(filePath + testStepResult.testStep.label + '.txt', true)
// pw = new java.io.PrintWriter(fos)
// testStepResult.writeTo(pw)
// pw.close()
// fos.close()</con:script>
  </con:eventHandlers>
  <con:authRepository/>
  <con:tags/>
</con:soapui-project>
