<?xml version="1.0" encoding="UTF-8"?>
<con:soapui-project id="bea925e0-5cc0-44b7-a2c8-c62faeeb55c2" created="3.54.0" activeEnvironment="Default environment" encryptionMode="Not encrypted" name="REST Project 2" projectVersion="" updated="3.54.0 2024-07-17T11:22:49Z" xmlns:con="http://eviware.com/soapui/config">
  <con:settings>
    <con:setting id="IncludeOverview">true</con:setting>
    <con:setting id="IncludeResults">true</con:setting>
    <con:setting id="FlowLayout">false</con:setting>
    <con:setting id="ErrorDetails">true</con:setting>
    <con:setting id="IncludeCoverage">true</con:setting>
    <con:setting id="GeneratableJUnitReport@Style">Multiple Pages</con:setting>
    <con:setting id="GeneratableJUnitReport@Folder">C:\Users\003N4E744\Desktop\FST Trainings\GIT Activity</con:setting>
    <con:setting id="GeneratableJUnitReport@Modify">false</con:setting>
  </con:settings>
  <con:interface xsi:type="con:RestService" id="9641bf97-7846-4491-91f7-3c2d431a4fd1" wadlVersion="http://wadl.dev.java.net/2009/02" name="https://api.github.com" type="rest" xmlns:xsi="http://www.w3.org/2001/XMLSchema-instance">
    <con:settings id="7bb5eb85-e572-48f3-b8bf-bdc74205267d"/>
    <con:definitionCache type="TEXT" rootPart=""/>
    <con:endpoints>
      <con:endpoint>https://api.github.com</con:endpoint>
    </con:endpoints>
    <con:resource name="Emails" path="/user/emails" id="2d1ec773-a076-4694-8790-5cfe57884820">
      <con:settings/>
      <con:parameters/>
      <con:method name="Emails" id="0efcab49-2e9c-4fb8-a5b8-d33a46097c4f" method="GET">
        <con:settings/>
        <con:parameters/>
        <con:representation type="RESPONSE">
          <con:mediaType>application/json; charset=utf-8</con:mediaType>
          <con:status>200</con:status>
          <con:params/>
          <con:element>Response</con:element>
        </con:representation>
        <con:representation type="FAULT">
          <con:mediaType>application/json; charset=utf-8</con:mediaType>
          <con:status>401</con:status>
          <con:params/>
          <con:element xmlns:ema="https://api.github.com/user/emails">ema:Fault</con:element>
        </con:representation>
        <con:request name="Request 1" id="adbe105b-6d76-47cb-976f-3bd7750f3b30" mediaType="application/json">
          <con:settings>
            <con:setting id="com.eviware.soapui.impl.wsdl.WsdlRequest@request-headers">&lt;xml-fragment/></con:setting>
          </con:settings>
          <con:endpoint>https://api.github.com</con:endpoint>
          <con:request/>
          <con:originalUri>https://api.github.com/user/emails</con:originalUri>
          <con:credentials>
            <con:selectedAuthProfile>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</con:selectedAuthProfile>
            <con:addedBasicAuthenticationTypes>Basic</con:addedBasicAuthenticationTypes>
            <con:authType>No Authorization</con:authType>
          </con:credentials>
          <con:jmsConfig JMSDeliveryMode="PERSISTENT"/>
          <con:parameters/>
          <con:parameterOrder/>
        </con:request>
      </con:method>
    </con:resource>
    <con:resource name="Keys" path="/user/keys" id="1bde08c2-8c04-47c5-a3ab-341bb6a79edb">
      <con:settings/>
      <con:parameters/>
      <con:method name="Keys" id="4f9a068b-c520-4613-a745-88b5725013bf" method="POST">
        <con:settings/>
        <con:parameters/>
        <con:representation type="REQUEST">
          <con:mediaType>application/json</con:mediaType>
          <con:params/>
        </con:representation>
        <con:representation type="FAULT">
          <con:mediaType>application/json; charset=utf-8</con:mediaType>
          <con:status>400 422 401</con:status>
          <con:params/>
          <con:element xmlns:keys="https://api.github.com/user/keys">keys:Fault</con:element>
        </con:representation>
        <con:representation type="RESPONSE">
          <con:mediaType>application/json; charset=utf-8</con:mediaType>
          <con:status>201</con:status>
          <con:params/>
          <con:element xmlns:keys="https://api.github.com/user/keys">keys:Response</con:element>
        </con:representation>
        <con:request name="Request 1" id="5aaa6106-b7a5-4c9e-92fb-074ed6615aec" mediaType="application/json">
          <con:settings/>
          <con:endpoint>https://api.github.com</con:endpoint>
          <con:credentials>
            <con:selectedAuthProfile>No Authorization</con:selectedAuthProfile>
            <con:authType>No Authorization</con:authType>
          </con:credentials>
          <con:parameters/>
        </con:request>
      </con:method>
    </con:resource>
    <con:resource name="KeyId" path="/user/keys/{keyId" id="f9257c8e-2728-4dbe-86dd-ea215c5ce14d">
      <con:settings/>
      <con:parameters/>
      <con:method name="KeyId" id="1f15d356-e197-4077-b73b-ff1d7aa64c93" method="DELETE">
        <con:settings/>
        <con:parameters/>
        <con:representation type="REQUEST">
          <con:mediaType>application/json</con:mediaType>
          <con:params/>
        </con:representation>
        <con:representation type="FAULT">
          <con:mediaType>application/json; charset=utf-8</con:mediaType>
          <con:status>404</con:status>
          <con:params/>
          <con:element xmlns:api="https://api.github.com/">api:Fault</con:element>
        </con:representation>
        <con:request name="Request 1" id="7e7fc4c9-61e2-4aa1-9461-92de305bea5c" mediaType="application/json">
          <con:settings/>
          <con:endpoint>https://api.github.com</con:endpoint>
          <con:credentials>
            <con:selectedAuthProfile>No Authorization</con:selectedAuthProfile>
            <con:authType>No Authorization</con:authType>
          </con:credentials>
          <con:parameters/>
        </con:request>
      </con:method>
    </con:resource>
  </con:interface>
  <con:testSuite id="5441c9c1-c618-433a-878e-e129eb82a9fa" name="https://api.github.com Test Suite">
    <con:settings id="4107bfc7-8457-483d-a7d6-f4ff1096f334"/>
    <con:runType>SEQUENTIAL</con:runType>
    <con:testCase id="60457bd4-d22e-4e3f-a956-b9378aad6df4" discardOkResults="false" failOnError="false" failTestCaseOnErrors="true" keepSession="false" name="Test Case" searchProperties="true" timeout="0">
      <con:settings/>
      <con:testStep type="restrequest" name="Request 1" id="e2daaa01-ea7a-4b6b-89e1-1646670c0b49">
        <con:settings/>
        <con:config service="https://api.github.com" resourcePath="/user/emails" methodName="Emails" xsi:type="con:RestRequestStep" xmlns:xsi="http://www.w3.org/2001/XMLSchema-instance">
          <con:restRequest name="Request 1" id="adbe105b-6d76-47cb-976f-3bd7750f3b30" mediaType="application/json">
            <con:settings>
              <con:setting id="com.eviware.soapui.impl.wsdl.WsdlRequest@request-headers">&lt;xml-fragment/></con:setting>
            </con:settings>
            <con:endpoint>https://api.github.com</con:endpoint>
            <con:request/>
            <con:originalUri>https://api.github.com/user/emails</con:originalUri>
            <con:assertion type="Valid HTTP Status Codes" id="48a4baa5-79a3-4f49-b6be-d92c6471473b" name="Valid HTTP Status Codes">
              <con:settings/>
              <con:configuration>
                <codes>200</codes>
              </con:configuration>
            </con:assertion>
            <con:credentials>
              <con:selectedAuthProfile>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</con:selectedAuthProfile>
              <con:authType>No Authorization</con:authType>
            </con:credentials>
            <con:jmsConfig JMSDeliveryMode="PERSISTENT"/>
            <con:parameters/>
            <con:parameterOrder/>
          </con:restRequest>
        </con:config>
      </con:testStep>
      <con:testStep type="restrequest" name="Request 2" id="fb0e3a96-37b0-4f22-8ca3-40d133064e56">
        <con:settings/>
        <con:config service="https://api.github.com" resourcePath="/user/keys" methodName="Keys" xsi:type="con:RestRequestStep" xmlns:xsi="http://www.w3.org/2001/XMLSchema-instance">
          <con:restRequest name="Request 2" id="5aaa6106-b7a5-4c9e-92fb-074ed6615aec" mediaType="application/json" postQueryString="false">
            <con:settings>
              <con:setting id="com.eviware.soapui.impl.wsdl.WsdlRequest@request-headers">&lt;xml-fragment/></con:setting>
            </con:settings>
            <con:endpoint>https://api.github.com</con:endpoint>
            <con:request>{
   "title":"TestKey",
   "key":"ssh-ed25519 AAAAC3NzaC1lZDI1NTE5AAAAICRFWmGg4sWPjhG4h19cEDEcNJqsvDYnzMTiLYQ6karM azuread\\sangramjadhav1@IBM-CG5GDN3 "
}</con:request>
            <con:originalUri>https://api.github.com/user/keys</con:originalUri>
            <con:assertion type="Valid HTTP Status Codes" id="fc7b4abb-84ea-415d-be20-a6c12dc74218" name="Valid HTTP Status Codes">
              <con:settings/>
              <con:configuration>
                <codes>201</codes>
              </con:configuration>
            </con:assertion>
            <con:credentials>
              <con:selectedAuthProfile>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</con:selectedAuthProfile>
              <con:authType>No Authorization</con:authType>
            </con:credentials>
            <con:jmsConfig JMSDeliveryMode="PERSISTENT"/>
            <con:parameters/>
          </con:restRequest>
        </con:config>
      </con:testStep>
      <con:testStep type="restrequest" name="Request 3" id="617c6b31-4b0d-4e3c-99c2-f19086f14c6a">
        <con:settings/>
        <con:config service="https://api.github.com" resourcePath="/user/keys/{keyId" methodName="KeyId" xsi:type="con:RestRequestStep" xmlns:xsi="http://www.w3.org/2001/XMLSchema-instance">
          <con:restRequest name="Request 3" id="7e7fc4c9-61e2-4aa1-9461-92de305bea5c" mediaType="application/json" postQueryString="false">
            <con:settings>
              <con:setting id="com.eviware.soapui.impl.wsdl.WsdlRequest@request-headers">&lt;xml-fragment/></con:setting>
            </con:settings>
            <con:endpoint>https://api.github.com</con:endpoint>
            <con:request/>
            <con:originalUri>https://api.github.com/</con:originalUri>
            <con:assertion type="Valid HTTP Status Codes" id="dd338ca7-f94f-4168-a746-505644f8d212" name="Valid HTTP Status Codes">
              <con:settings/>
              <con:configuration>
                <codes>404</codes>
              </con:configuration>
            </con:assertion>
            <con:credentials>
              <con:selectedAuthProfile>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</con:selectedAuthProfile>
              <con:authType>No Authorization</con:authType>
            </con:credentials>
            <con:jmsConfig JMSDeliveryMode="PERSISTENT"/>
            <con:parameters/>
          </con:restRequest>
        </con:config>
      </con:testStep>
      <con:properties/>
      <con:reportParameters/>
    </con:testCase>
    <con:properties/>
    <con:reportParameters/>
  </con:testSuite>
  <con:properties/>
  <con:wssContainer/>
  <con:databaseConnectionContainer/>
  <con:jmsConnectionContainer/>
  <con:oAuth2ProfileContainer>
    <con:oAuth2Profile>
      <con:name>ProjectActivity</con:name>
      <con:type>OAuth 2.0</con:type>
      <con:accessTokenPosition>HEADER</con:accessTokenPosition>
      <con:accessTokenStatus>ENTERED_MANUALLY</con:accessTokenStatus>
      <con:accessTokenStartingStatus>ENTERED_MANUALLY</con:accessTokenStartingStatus>
      <con:oAuth2Flow>AUTHORIZATION_CODE_GRANT</con:oAuth2Flow>
      <con:refreshAccessTokenMethod>AUTOMATIC</con:refreshAccessTokenMethod>
      <con:jwtConfiguration/>
      <con:responseType>id_token</con:responseType>
    </con:oAuth2Profile>
    <con:oAuth2Profile>
      <con:name>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</con:name>
      <con:type>OAuth 2.0</con:type>
      <con:accessToken>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</con:accessToken>
      <con:accessTokenPosition>HEADER</con:accessTokenPosition>
      <con:accessTokenStatus>ENTERED_MANUALLY</con:accessTokenStatus>
      <con:accessTokenStartingStatus>ENTERED_MANUALLY</con:accessTokenStartingStatus>
      <con:oAuth2Flow>AUTHORIZATION_CODE_GRANT</con:oAuth2Flow>
      <con:refreshAccessTokenMethod>AUTOMATIC</con:refreshAccessTokenMethod>
      <con:jwtConfiguration/>
      <con:responseType>id_token</con:responseType>
    </con:oAuth2Profile>
    <con:oAuth2Profile>
      <con:name>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</con:name>
      <con:type>OAuth 2.0</con:type>
      <con:accessToken>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</con:accessToken>
      <con:accessTokenPosition>HEADER</con:accessTokenPosition>
      <con:accessTokenStatus>ENTERED_MANUALLY</con:accessTokenStatus>
      <con:accessTokenStartingStatus>ENTERED_MANUALLY</con:accessTokenStartingStatus>
      <con:oAuth2Flow>AUTHORIZATION_CODE_GRANT</con:oAuth2Flow>
      <con:refreshAccessTokenMethod>AUTOMATIC</con:refreshAccessTokenMethod>
      <con:jwtConfiguration/>
      <con:responseType>id_token</con:responseType>
    </con:oAuth2Profile>
  </con:oAuth2ProfileContainer>
  <con:oAuth1ProfileContainer/>
  <con:reporting>
    <con:xmlTemplates/>
    <con:parameters/>
  </con:reporting>
  <con:eventHandlers type="RequestFilter.filterRequest" name="RequestFilter.filterRequest">
    <con:script>// Sample event script to add custom HTTP header to all outgoing REST, SOAP and HTTP(S) calls
// This code is often used for adding custom authentication to ReadyAPI functional tests

// If hardcoding the token, uncomment and change line 5
// token = '4567'

// If your token is parameterized in Project level custom property, uncomment line 8
// token = request.parent.testCase.testSuite.project.getProperty('auth_token').getValue()

// To modify all outgoing calls, remove comments from lines 11 to 16
// headers = request.requestHeaders
// if (headers.containsKey('auth_token2') == false) {
//   headers.put('auth_token2', token)
//   request.requestHeaders = headers
// }</con:script>
  </con:eventHandlers>
  <con:eventHandlers type="TestRunListener.afterStep" name="TestRunListener.afterStep">
    <con:script>// Save all test step results into files
// Change the directory path in line 5 to a location where you want to store details
// then uncomment lines 5 to 10

// filePath = 'C:\\tempOutputDirectory\\'
// fos = new java.io.FileOutputStream(filePath + testStepResult.testStep.label + '.txt', true)
// pw = new java.io.PrintWriter(fos)
// testStepResult.writeTo(pw)
// pw.close()
// fos.close()</con:script>
  </con:eventHandlers>
  <con:authRepository>
    <con:oAuth20AuthEntry>
      <con:name>ProjectActivity</con:name>
      <con:type>OAuth 2.0</con:type>
      <con:accessTokenPosition>HEADER</con:accessTokenPosition>
      <con:accessTokenStatus>ENTERED_MANUALLY</con:accessTokenStatus>
      <con:accessTokenStartingStatus>ENTERED_MANUALLY</con:accessTokenStartingStatus>
      <con:oAuth2Flow>AUTHORIZATION_CODE_GRANT</con:oAuth2Flow>
      <con:refreshAccessTokenMethod>AUTOMATIC</con:refreshAccessTokenMethod>
      <con:jwtConfiguration/>
      <con:responseType>id_token</con:responseType>
    </con:oAuth20AuthEntry>
    <con:oAuth20AuthEntry>
      <con:name>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</con:name>
      <con:type>OAuth 2.0</con:type>
      <con:accessToken>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</con:accessToken>
      <con:accessTokenPosition>HEADER</con:accessTokenPosition>
      <con:accessTokenStatus>ENTERED_MANUALLY</con:accessTokenStatus>
      <con:accessTokenStartingStatus>ENTERED_MANUALLY</con:accessTokenStartingStatus>
      <con:oAuth2Flow>AUTHORIZATION_CODE_GRANT</con:oAuth2Flow>
      <con:refreshAccessTokenMethod>AUTOMATIC</con:refreshAccessTokenMethod>
      <con:jwtConfiguration/>
      <con:responseType>id_token</con:responseType>
    </con:oAuth20AuthEntry>
    <con:oAuth20AuthEntry>
      <con:name>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</con:name>
      <con:type>OAuth 2.0</con:type>
      <con:accessToken>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</con:accessToken>
      <con:accessTokenPosition>HEADER</con:accessTokenPosition>
      <con:accessTokenStatus>ENTERED_MANUALLY</con:accessTokenStatus>
      <con:accessTokenStartingStatus>ENTERED_MANUALLY</con:accessTokenStartingStatus>
      <con:oAuth2Flow>AUTHORIZATION_CODE_GRANT</con:oAuth2Flow>
      <con:refreshAccessTokenMethod>AUTOMATIC</con:refreshAccessTokenMethod>
      <con:jwtConfiguration/>
      <con:responseType>id_token</con:responseType>
    </con:oAuth20AuthEntry>
  </con:authRepository>
  <con:tags/>
</con:soapui-project>
